Director,mean,count
Ron Livingston,9.4,2
Scott Grimes,9.4,2
Damian Lewis,9.4,2
Seth Camillo,9.2,2
Barbara Camillo,9.2,2
Joaquim Dos Santos,8.9,5
Kemp Powers,8.9,5
Justin K. Thompson,8.9,5
Charlie Brooker,8.8,2
Gene Roddenberry,8.7,2
Terence Winter,8.6,2
Jemaine Clement,8.6,2
Scott Mactavish,8.5,2
George R.R. Martin,8.5,2
Ryan J. Condal,8.5,2
Michael Schur,8.4,2
Dan Goor,8.4,2
Larry Gelbart,8.4,2
Ron Fricke,8.4,2
Christopher Nolan,8.325,8
Amal Al-Agroobi,8.3,2
Cary Bell,8.3,2
Bill Melendez,8.3,2
Paul T. Scheuring,8.3,2
Sergio Leone,8.22,5
Frank Darabont,8.216666666666667,6
Jenny Lumet,8.2,2
Majid Majidi,8.2,2
√É¬Ålex Pina,8.2,2
Sam Wood,8.2,2
Hayao Miyazaki,8.175,4
Milos Forman,8.166666666666666,3
Stanley Kubrick,8.166666666666666,6
Pete Docter,8.166666666666666,3
Lee Unkrich,8.15,4
George Roy Hill,8.15,2
Terry Jones,8.1,2
William Wyler,8.1,3
S.S. Rajamouli,8.1,2
George Cukor,8.075,4
Florian Henckel von Donnersmarck,8.05,2
Joss Whedon,7.975,4
Nadine Labaki,7.966666666666666,3
Quentin Tarantino,7.958333333333333,12
John Sturges,7.949999999999999,2
Akira Kurosawa,7.949999999999999,2
Frank Capra,7.94,5
Peter Jackson,7.92,10
Denis Villeneuve,7.918181818181818,11
George W. Hill,7.9,2
Stephen Chbosky,7.9,2
Januel Mercado,7.9,2
Stanley Kramer,7.9,2
Tony Kaye,7.8999999999999995,3
Taika Waititi,7.866666666666667,3
Billy Wilder,7.859999999999999,5
Darren Aronofsky,7.8500000000000005,4
Charles Ferguson,7.85,2
Mel Gibson,7.85,4
Victor Fleming,7.85,4
Gareth Evans,7.85,2
Richard Brooks,7.833333333333333,3
James Cameron,7.828571428571428,7
Bernardo Bertolucci,7.800000000000001,2
Alfonso Cuar√É¬≥n,7.800000000000001,4
Charles Brabin,7.8,2
Christy Cabanne,7.8,2
Fred Niblo,7.8,2
Peter Baynton,7.8,2
Sunao Katabuchi,7.8,2
Charlie Mackesy,7.8,2
David Fincher,7.781818181818181,11
Tomm Moore,7.75,2
Damien Chazelle,7.75,4
David Lynch,7.74,5
Alejandro G. I√É¬±√É¬°rritu,7.716666666666666,6
Martin Scorsese,7.704,25
Cary Joji Fukunaga,7.7,2
Fred Zinnemann,7.7,5
Edward Kitsis,7.7,2
Kathy Greenberg,7.7,2
Martin McDonagh,7.7,3
Ted Humphrey,7.7,2
Kenneth Lonergan,7.7,3
Adam Horowitz,7.7,2
James Marsh,7.7,2
Drew Dowdle,7.7,2
Ilene Chaiken,7.7,2
Michele Abbott,7.7,2
Brad Falchuk,7.7,3
Andrew Stanton,7.699999999999999,2
David Silverman,7.699999999999999,2
Don Hall,7.699999999999999,2
Stacy Peralta,7.699999999999999,2
Carlton Cuse,7.699999999999999,2
Sean Penn,7.666666666666667,3
Greta Gerwig,7.666666666666667,3
John Lasseter,7.65,4
Chad Stahelski,7.65,4
Lukas Moodysson,7.65,2
Marc Webb,7.65,2
Gene Kelly,7.65,2
Dean DeBlois,7.65,4
Shane Meadows,7.633333333333333,3
David Lean,7.62,5
Alex Kurtzman,7.619999999999999,5
Peter Weir,7.616666666666667,6
J. Mackye Gruber,7.6,2
Brad Bird,7.6,5
Sylvain Chomet,7.6,2
Joseph Sargent,7.6,2
Joseph Kosinski,7.6,5
James Swirsky,7.6,2
Peter H. Hunt,7.6,2
Mark Gustafson,7.6,4
Lisanne Pajot,7.6,2
Jorge Ram√É¬≠rez Su√É¬°rez,7.6,2
Eric Bress,7.6,2
Jared Bush,7.6,2
Mervyn LeRoy,7.6,2
Wes Anderson,7.585714285714286,7
Sam Mendes,7.583333333333333,6
Joel Crawford,7.566666666666667,3
Drew Goddard,7.566666666666666,3
Richard Curtis,7.566666666666666,3
Rich Moore,7.566666666666666,3
Aaron Sorkin,7.550000000000001,2
Tim Minear,7.550000000000001,2
Richard Attenborough,7.550000000000001,4
Park Chan-wook,7.533333333333334,3
Pedro Almod√É¬≥var,7.525,4
Spike Jonze,7.525,4
George Lucas,7.516666666666667,6
Bryan Singer,7.516666666666667,6
Destin Daniel Cretton,7.5,2
William B. Evans,7.5,2
Roman Polanski,7.5,7
Samuel Armstrong,7.5,2
Fernando Meirelles,7.5,3
Ji-Eun Kim,7.5,2
Michael Gracey,7.5,2
Phillip Martin,7.5,2
Rick Deslauriers,7.5,2
Ricki Stern,7.5,2
Daniel Kwan,7.5,3
Daniel Scheinert,7.5,3
Fernando Le√É¬≥n de Aranoa,7.5,2
Michael Curtiz,7.5,2
Philip Kaufman,7.5,2
Min Namkoong,7.5,2
Ha-seon Park,7.5,2
Theodore Melfi,7.5,2
Tom Ford,7.5,3
Paolo Sorrentino,7.5,2
Anne Sundberg,7.5,2
Hao Ning,7.5,2
James Algar,7.5,2
Morten Tyldum,7.5,3
Jason Bateman,7.5,2
Jim Jarmusch,7.4799999999999995,5
Paul Haggis,7.475,4
James Whale,7.466666666666666,3
Andrew Haigh,7.466666666666666,3
Mark Osborne,7.466666666666666,3
Cecil B. DeMille,7.466666666666666,3
John G. Avildsen,7.459999999999999,5
Matthew Vaughn,7.457142857142857,7
Steve McQueen,7.45,4
Julian Schnabel,7.45,2
Todd Field,7.45,2
Edgar Wright,7.45,6
Alejandro Monteverde,7.449999999999999,2
David Hand,7.449999999999999,2
Wilfred Jackson,7.449999999999999,2
Francis Ford Coppola,7.446153846153846,13
Luca Guadagnino,7.433333333333334,3
Steven Spielberg,7.425,28
John Ford,7.425,4
Paul Thomas Anderson,7.42,10
Kelly Fremon Craig,7.4,2
Charlie Kaufman,7.4,2
Katsuhiro √É¬îtomo,7.4,2
Jim Rash,7.4,2
Justin Dillon,7.4,2
Nat Faxon,7.4,2
Michael Cimino,7.4,2
Pan Nalin,7.4,2
Jaco Van Dormael,7.4,2
Jean-Marc Vall√É¬©e,7.3999999999999995,3
Lars von Trier,7.3999999999999995,3
Michael Haneke,7.3999999999999995,3
Steve James,7.3999999999999995,3
Thomas Vinterberg,7.383333333333333,6
Elia Kazan,7.375,4
Sidney Lumet,7.375,8
John Huston,7.366666666666667,3
Edmund Goulding,7.366666666666667,3
David E. Kelley,7.366666666666667,6
Nicholas Meyer,7.366666666666667,3
Stephen Daldry,7.359999999999999,5
Akiva Goldsman,7.35,4
John Krasinski,7.35,2
Robert Zemeckis,7.34375,16
Michael Moore,7.3375,8
Mark Pellington,7.333333333333333,3
Anthony Minghella,7.333333333333333,3
Byron Howard,7.333333333333333,3
Noah Hawley,7.333333333333333,3
Guillermo del Toro,7.33,10
Paul Greengrass,7.328571428571428,7
Danny Boyle,7.327272727272727,11
Jean-Luc Godard,7.325,4
Chris Sanders,7.325,4
Gore Verbinski,7.322222222222221,9
Jean-Jacques Annaud,7.32,5
Bill Paxton,7.300000000000001,2
Jaume Balaguer√É¬≥,7.300000000000001,2
Carroll Ballard,7.300000000000001,2
Andrucha Waddington,7.3,2
Jacques Audiard,7.3,5
Abby Epstein,7.3,2
James Gunn,7.3,3
Milo Ventimiglia,7.3,2
Bennett Miller,7.3,3
Howard Hughes,7.3,2
Ben Affleck,7.3,4
Robert Aldrich,7.3,2
Guillaume Canet,7.3,2
Jordan Peele,7.3,2
Mike Leigh,7.3,4
Marco Kreuzpaintner,7.3,2
Chris Williams,7.3,2
Christopher Morris,7.3,2
Catherine Haena Kim,7.3,2
John Musker,7.3,5
Dexter Fletcher,7.3,2
Ron Clements,7.3,5
Sarah Wayne Callies,7.3,2
Martin Ritt,7.3,2
Robin Bissell,7.3,2
Aleksandr Veledinskiy,7.3,2
Yorgos Lanthimos,7.266666666666667,3
Alfred Hitchcock,7.263636363636365,11
Rian Johnson,7.26,5
Derek Cianfrance,7.25,4
Alex Garland,7.25,2
Christophe Lourdelet,7.25,2
Barry Jenkins,7.25,2
Gaspar No√É¬©,7.25,2
Valerie Faris,7.25,2
Jonathan Dayton,7.25,2
Yash Chopra,7.25,2
Terry Gilliam,7.242857142857143,7
Mel Brooks,7.24,5
Jean-Pierre Jeunet,7.24,5
Tom McCarthy,7.233333333333333,3
Simon Curtis,7.233333333333333,3
Richard Linklater,7.233333333333333,12
Jon Hurwitz,7.233333333333333,3
Robert Wise,7.233333333333333,3
Hayden Schlossberg,7.233333333333333,3
Terrence Malick,7.225,4
Kevin Macdonald,7.225,4
Ethan Coen,7.216666666666666,12
Joel Coen,7.216666666666666,12
Wash Westmoreland,7.2,2
Roger Allers,7.2,3
Sam Peckinpah,7.2,8
Andrew Marton,7.2,2
Kathryn Bigelow,7.2,5
Jason Miller,7.2,2
Phil Lord,7.2,4
Henry Hathaway,7.2,2
Ian Brennan,7.2,2
Andrew Adamson,7.2,4
Richard Glatzer,7.2,2
Erik Poppe,7.2,2
Christopher Miller,7.2,4
David Leitch,7.2,3
Travis Knight,7.2,2
J.J. Abrams,7.2,3
Robert Greenwald,7.199999999999999,2
Terry Zwigoff,7.199999999999999,2
James Mangold,7.184615384615385,13
Jonathan Demme,7.18,5
Greg Berlanti,7.175,4
Bruce Beresford,7.175,4
Christopher McQuarrie,7.175,4
Todd Solondz,7.166666666666667,3
Kevin Costner,7.166666666666667,3
Marc Forster,7.155555555555556,9
Anton Corbijn,7.15,2
Ingmar Bergman,7.15,2
Brenda Chapman,7.15,2
Lone Scherfig,7.15,2
Dan Trachtenberg,7.15,2
John Lee Hancock,7.15,4
Tim Robbins,7.15,2
Kar-Wai Wong,7.15,4
King Vidor,7.15,4
Christopher Guest,7.140000000000001,5
Alexander Payne,7.133333333333333,6
Gary Ross,7.133333333333333,3
Carol Reed,7.133333333333333,3
Gus Van Sant,7.128571428571428,7
Craig Gillespie,7.125,4
John McTiernan,7.125,8
Clint Eastwood,7.125,24
Baz Luhrmann,7.116666666666667,6
David Cronenberg,7.1000000000000005,6
Ari Aster,7.1000000000000005,3
Patricia Riggen,7.1000000000000005,3
Michael Jelenic,7.1,4
Stephen Merchant,7.1,2
Eric Bugbee,7.1,2
William Friedkin,7.1,5
Lynne Ramsay,7.1,2
Pierre Leduc,7.1,4
Wayne Kramer,7.1,2
Robinson Devor,7.1,2
Tim Miller,7.1,2
Jeff Nichols,7.1,4
Terry George,7.1,2
Alan Jacobs,7.1,2
Valentine,7.1,2
Alfonso Gomez-Rejon,7.1,2
Jennifer Lee,7.1,2
J.A. Bayona,7.1,4
Ruben √É¬ñstlund,7.1,2
Duncan Jones,7.1,2
Pawel Pawlikowski,7.1,2
Susanne Bier,7.099999999999999,3
Martin Bourboulon,7.099999999999999,3
S. Craig Zahler,7.099999999999999,3
Oliver Stone,7.091666666666666,12
Michael Mann,7.08,5
Alejandro Amen√É¬°bar,7.074999999999999,4
Stephen Frears,7.07,10
Robert Eggers,7.066666666666667,3
Sofia Coppola,7.066666666666666,3
Stephen Chow,7.066666666666666,3
Garth Jennings,7.066666666666666,3
Brian Helgeland,7.06,5
Ridley Scott,7.055,20
Ilya Naishuller,7.050000000000001,2
John Cameron Mitchell,7.050000000000001,2
Fran√É¬ßois Truffaut,7.050000000000001,2
David Mich√É¬¥d,7.050000000000001,2
Stephanie Savage,7.05,2
Sam Raimi,7.05,10
Anurag Basu,7.05,2
Nick Cassavetes,7.05,4
Prachya Pinkaew,7.05,2
Chris Buck,7.05,4
Sylvester Stallone,7.05,2
Steven S. DeKnight,7.05,2
Jeremy Saulnier,7.05,2
Tom Tykwer,7.040000000000001,5
Mike Flanagan,7.040000000000001,5
Guy Ritchie,7.035714285714286,14
Marielle Heller,7.033333333333334,3
Alan Parker,7.033333333333334,3
Mike Cahill,7.033333333333334,3
Jon Watts,7.033333333333334,3
Franklin J. Schaffner,7.025,4
Aaron Horvath,7.0200000000000005,5
Albert Hughes,7.0200000000000005,5
Aaron Schneider,7.0,2
Jake Barnett,7.0,2
Nadia Tass,7.0,2
Nick Day,7.0,2
Wai-Man Yip,7.0,2
Trey Parker,7.0,3
Juuso Laatio,7.0,2
Paul Barber,7.0,2
Juan Jos√É¬© Campanella,7.0,3
Paul Verhoeven,7.0,10
Beth Karas,7.0,2
Jukka Vidgren,7.0,2
Michael Barnett,7.0,2
John Hillcoat,7.0,4
David Mackenzie,7.0,3
Robert Carlyle,7.0,2
Maurizio Benazzo,7.0,2
Tate Taylor,7.0,4
Jocelyn Moorhouse,7.0,2
Chris McKay,7.0,3
Mark Addy,7.0,2
Ryan Fleck,7.0,3
Vic Sarin,7.0,2
Kyle Bradstreet,7.0,2
Todd Haynes,7.0,3
Leos Carax,7.0,2
Peter Berg,7.0,8
Edward Zwick,6.990909090909091,11
Jon Favreau,6.985714285714286,7
Jerry Zucker,6.9799999999999995,5
Andrew Niccol,6.975,4
Tim Burton,6.975,16
Denzel Washington,6.975,4
Rob Reiner,6.971428571428571,14
Doug Liman,6.966666666666667,9
Mike Judge,6.966666666666666,3
Jim Abrahams,6.966666666666666,3
David Yates,6.966666666666666,3
Irvin Kershner,6.966666666666666,3
Jason Reitman,6.966666666666666,6
Adam McKay,6.9625,8
Lilly Wachowski,6.957142857142857,7
William Gazecki,6.95,2
Dan Fogelman,6.95,2
David Mamet,6.95,2
Xavier Beauvois,6.95,2
Karan Johar,6.95,2
Kimberly Peirce,6.95,2
Julian Jarrold,6.95,2
Gary Trousdale,6.95,2
George Tillman Jr.,6.95,6
Zack Snyder,6.95,8
Larry Clark,6.95,2
Kirk Wise,6.95,2
Richard Kwietniowski,6.95,2
Chris Noonan,6.95,2
Rodrigo Garc√É¬≠a,6.95,2
Anna Boden,6.949999999999999,2
Mark Romanek,6.949999999999999,2
Sam Hargrave,6.949999999999999,2
Tommy Lee Jones,6.949999999999999,2
Werner Herzog,6.949999999999999,2
James Ivory,6.942857142857143,7
Glenn Ficarra,6.94,5
John Requa,6.94,5
Woody Allen,6.938095238095237,21
Len Wiseman,6.933333333333334,3
Mike Binder,6.933333333333334,3
Michel Gondry,6.925000000000001,4
Allen Hughes,6.92,5
Scott Cooper,6.92,5
Noah Baumbach,6.92,5
John Landis,6.916666666666667,6
Ryan Murphy,6.9125,8
Ang Lee,6.909999999999999,10
Busby Berkeley,6.9,2
Jonathan Goldstein,6.9,4
Lee Toland Krieger,6.9,2
Mike Hodges,6.9,2
John Francis Daley,6.9,4
Ron Maxwell,6.9,2
John Maclean,6.9,2
Darren Press,6.9,2
Alex Gibney,6.9,2
C. Fraser Press,6.9,2
Billy Bob Thornton,6.9,2
Anthony Mann,6.9,2
Warwick Thornton,6.9,2
Mina T. Son,6.9,2
Vadim Perelman,6.9,2
Ben Younger,6.9,2
Jon Shear,6.9,2
Sara Newens,6.9,2
Robert Townsend,6.9,2
Tamara Jenkins,6.9,2
Mike Newell,6.8999999999999995,6
Leigh Whannell,6.8999999999999995,3
Francis Lawrence,6.8999999999999995,7
Wolfgang Petersen,6.8999999999999995,7
Alan J. Pakula,6.8999999999999995,3
Tony Scott,6.890000000000001,10
Gina Prince-Bythewood,6.883333333333333,6
Penny Marshall,6.883333333333333,6
Gavin Hood,6.88,5
John Carpenter,6.878571428571428,14
Pierre Coffin,6.875,4
Mike Mills,6.875,4
J.C. Chandor,6.875,4
Kenneth Branagh,6.869230769230769,13
Jessie Nelson,6.866666666666667,3
Jee-woon Kim,6.866666666666667,3
Nigel Cole,6.866666666666667,3
Zach Braff,6.866666666666667,3
Gareth Edwards,6.866666666666667,3
Tim McCanlies,6.866666666666667,3
Martin Campbell,6.866666666666666,9
Ron Howard,6.8625,16
Mark Dindal,6.8500000000000005,4
Andrew Dominik,6.85,2
Stefan Ruzowitzky,6.85,2
Ed Harris,6.85,2
Pete Travis,6.85,2
Jean-Paul Rappeneau,6.85,2
Gary Goldman,6.85,2
Thomas Carter,6.85,4
Jordan Vogt-Roberts,6.85,2
Fran√É¬ßois Ozon,6.85,2
Lasse Hallstr√É¬∂m,6.841666666666666,12
Chris Renaud,6.840000000000001,5
Robert Redford,6.840000000000001,5
Atom Egoyan,6.840000000000001,5
James Wan,6.833333333333333,9
Mira Nair,6.833333333333333,6
Ash Brannon,6.833333333333333,3
John Wells,6.833333333333333,3
Richard Schenkman,6.833333333333333,3
Brad Anderson,6.825,4
Todd Phillips,6.822222222222222,9
Matt Reeves,6.82,5
George Sidney,6.82,5
Cameron Crowe,6.816666666666666,6
Joe Wright,6.8125,8
George Miller,6.8,10
Aaron Blaise,6.8,2
Peter Sollett,6.8,3
F. Gary Gray,6.8,10
Jill Sprecher,6.8,2
Michael B. Jordan,6.8,3
John Bellucci,6.8,2
Ed Redlich,6.8,2
David Anspaugh,6.8,2
John Madden,6.8,7
John Wayne,6.8,2
Robert Walker,6.8,2
Dena Seidel,6.8,2
Kelly Reichardt,6.8,3
Walter Salles,6.8,2
Dagur K√É¬°ri,6.8,2
Mars Callahan,6.8,2
Steve Buscemi,6.8,2
Larry Blamire,6.8,2
Lana Wachowski,6.8,8
Yimou Zhang,6.8,5
William Peter Blatty,6.8,2
Phillip Noyce,6.7875000000000005,8
Scott Hicks,6.779999999999999,5
Jeff Tremaine,6.775,4
Joe Carnahan,6.775,4
Steven Soderbergh,6.7681818181818185,22
Andrea Arnold,6.766666666666667,3
David Schwimmer,6.766666666666667,3
Steve Martino,6.766666666666667,3
Carlos Saldanha,6.766666666666667,6
Niki Caro,6.766666666666667,6
Greg Mottola,6.766666666666667,3
Peter Hedges,6.766666666666667,3
Neil Burger,6.757142857142857,7
Sarah Gavron,6.75,2
John Erick Dowdle,6.75,6
Michael Crichton,6.75,2
Michael Hoffman,6.75,4
Peter Landesman,6.75,2
Henry King,6.75,2
Richard Donner,6.75,12
L√É¬©a Pool,6.75,2
Michael Radford,6.75,2
Norman Jewison,6.74,5
Don Bluth,6.74,5
Victor Nunez,6.733333333333333,3
Roger Michell,6.733333333333333,3
Baltasar Korm√É¬°kur,6.733333333333333,6
Josh Boone,6.733333333333333,3
Michael Showalter,6.733333333333333,3
Guy Hamilton,6.733333333333333,6
Chris Columbus,6.733333333333333,12
Rod Lurie,6.7250000000000005,4
George Nolfi,6.725,4
Pierre Morel,6.720000000000001,5
Nancy Meyers,6.720000000000001,5
Kevin Reynolds,6.720000000000001,5
Antoine Fuqua,6.720000000000001,10
Curtis Hanson,6.714285714285714,7
Brian De Palma,6.709999999999999,10
Blake Edwards,6.7,3
Angelin Preljocaj,6.7,2
Jay Russell,6.7,3
Irwin Winkler,6.7,3
Akiva Schaffer,6.7,2
Peter Stebbings,6.7,2
E.L. Katz,6.7,2
Lynn Shelton,6.7,2
Val√É¬©rie M√É¬ºller,6.7,2
Steven Shainberg,6.7,3
Jonathan Lynn,6.7,4
Alexandre Rockwell,6.7,2
John Schlesinger,6.7,5
Shane Black,6.7,3
Dave McKean,6.7,2
Bille August,6.699999999999999,2
Billy Ray,6.699999999999999,2
Taylor Hackford,6.683333333333334,6
Gabriele Muccino,6.68,5
Eric Darnell,6.68,5
Larry Charles,6.675,4
John Dahl,6.675,4
Robert Altman,6.675,4
Jennifer Yuh Nelson,6.666666666666667,3
Lewis Gilbert,6.666666666666667,3
Leonard Nimoy,6.666666666666667,3
Barbra Streisand,6.666666666666667,3
Justin Chadwick,6.666666666666667,3
Andy Muschietti,6.666666666666667,3
Zal Batmanglij,6.666666666666667,3
Dan Gilroy,6.666666666666667,3
Tomas Alfredson,6.666666666666667,3
Iain Softley,6.666666666666667,3
David O. Russell,6.6625,8
Ruben Fleischer,6.6571428571428575,7
Spike Lee,6.655555555555555,18
Lexi Alexander,6.65,2
Steve Hickner,6.65,2
Rowdy Herrington,6.65,2
Conrad Vernon,6.65,4
Paul McGuigan,6.65,4
Olivier Assayas,6.65,2
Michael O. Sajbel,6.65,2
Hans Petter Moland,6.65,2
Randall Miller,6.65,2
Randall Wallace,6.65,4
Jane Campion,6.65,4
James Franco,6.65,2
Sharon Maguire,6.65,2
Dennis Gansel,6.65,2
John Woo,6.6499999999999995,6
David Dobkin,6.642857142857143,7
David Frankel,6.640000000000001,5
George A. Romero,6.636363636363637,11
Rob Marshall,6.633333333333333,3
Genndy Tartakovsky,6.633333333333333,3
Gregory Hoblit,6.633333333333333,3
Julie Taymor,6.633333333333333,3
√É¬Ålex de la Iglesia,6.633333333333333,3
Andrea Di Stefano,6.633333333333333,3
Tony Gilroy,6.633333333333333,3
Leslie Small,6.633333333333333,3
James Gray,6.628571428571428,7
David Twohy,6.625,4
Mike Nichols,6.625,4
Gavin O Connor,6.625,4
Mimi Leder,6.625,4
Richard LaGravenese,6.62,5
Justin Lin,6.616666666666667,6
Neil Jordan,6.6125,8
Nicolas Winding Refn,6.6000000000000005,6
Michael Schultz,6.6000000000000005,3
Roger Donaldson,6.6000000000000005,7
Carl Franklin,6.6000000000000005,3
Jonathan Glazer,6.6000000000000005,3
Teddy Chan,6.6,2
Karen Moncrieff,6.6,2
Anna Rose Holmer,6.6,2
Shari Springer Berman,6.6,2
Stefan Schwartz,6.6,2
Jonathan Kasdan,6.6,2
Brian Henson,6.6,2
Sydney Pollack,6.6,5
Sean Byrne,6.6,2
Edward Norton,6.6,2
Nick Park,6.6,2
Fede Alvarez,6.6,2
Eli Craig,6.6,2
Jay Roach,6.6,10
Ol Parker,6.6,4
Herbert Ross,6.6,2
Jake Schreier,6.6,2
Nicholas Hytner,6.6,5
James McTeigue,6.6,4
Michael Sucsy,6.6,2
Eug√É¬®ne Louri√É¬©,6.6,2
Anne Fontaine,6.6,4
Walter Lang,6.6,2
Christian Tafdrup,6.6,2
Mark Mylod,6.6,2
Robert Pulcini,6.6,2
David Hewlett,6.6,2
Bethany Ashton Wolf,6.599999999999999,3
Frank Oz,6.5875,8
Tom McGrath,6.585714285714286,7
Tom Hooper,6.58,5
Warren Beatty,6.58,5
Alex Proyas,6.575,4
D.W. Griffith,6.575,4
Richard Fleischer,6.571428571428571,7
Sam Fell,6.566666666666666,3
Anthony Russo,6.566666666666666,3
Michael Dowse,6.566666666666666,3
Joe Russo,6.566666666666666,3
Tim Johnson,6.566666666666666,6
Randal Kleiser,6.566666666666666,3
Andrew Davis,6.56,5
John Glen,6.56,5
Nicole Holofcener,6.56,5
James Watkins,6.550000000000001,2
Michael Cuesta,6.550000000000001,2
Andr√É¬© √É¬òvredal,6.550000000000001,2
Jill Culton,6.55,2
Evan Goldberg,6.55,2
Michael Bay,6.55,8
Frank Marshall,6.55,4
Seth Rogen,6.55,2
Jon Erwin,6.55,6
Chris Wedge,6.55,4
Jonathan Mostow,6.55,4
Tom Gormican,6.55,2
Jonathan Teplitzky,6.55,2
Alex Kendrick,6.55,6
Tom Hanks,6.55,2
Judd Apatow,6.540000000000001,5
Kirk Jones,6.540000000000001,5
Peter Farrelly,6.536363636363637,11
Shekhar Kapur,6.533333333333334,3
Bibo Bergeron,6.533333333333334,3
Michael Apted,6.533333333333334,6
Jodie Foster,6.533333333333334,3
Brett Ratner,6.528571428571429,7
Richard Loncraine,6.525,4
Harold Ramis,6.525,8
Richard Lester,6.5200000000000005,5
Oliver Parker,6.5200000000000005,5
Josh Schwartz,6.5,3
Scott Speer,6.5,2
Robby Benson,6.5,2
Don Coscarelli,6.5,3
Hal Ashby,6.5,2
John Waters,6.5,2
Patricia Cardoso,6.5,2
Paul Andrew Williams,6.5,2
Gil Kenan,6.5,2
Peter Webber,6.5,2
Bill Condon,6.5,9
Ted Post,6.5,2
Roger Avary,6.5,2
Douglas Trumbull,6.5,2
Daniel Myrick,6.5,2
Craig Brewer,6.5,3
Uli Edel,6.5,2
Gavin Wiesen,6.5,2
Eduardo S√É¬°nchez,6.5,2
Jeannot Szwarc,6.5,2
Aleksey Sidorov,6.5,2
Jeff Fowler,6.5,2
Whit Stillman,6.5,3
Mikael H√É¬•fstr√É¬∂m,6.5,5
James L. Brooks,6.5,3
Jim Sheridan,6.5,3
Allison Anders,6.5,3
Anand Tucker,6.5,3
Jeb Stuart,6.5,2
Gurinder Chadha,6.4799999999999995,5
Adrian Lyne,6.4799999999999995,5
Will Gluck,6.4799999999999995,5
John Milius,6.475,4
Tom Shadyac,6.475,8
Barry Levinson,6.466666666666667,15
Ira Sachs,6.466666666666666,3
Alan Taylor,6.466666666666666,3
Phyllida Lloyd,6.466666666666666,3
Noah Buschel,6.466666666666666,3
Brad Silberling,6.466666666666666,3
Tom Holland,6.466666666666666,3
Stuart Baird,6.466666666666666,3
Louis Leterrier,6.4625,8
Gary Fleder,6.459999999999999,5
Danny DeVito,6.45,4
Jonathan del Val,6.45,2
Lee Daniels,6.45,2
Craig Zobel,6.45,2
Christian Alvart,6.45,2
Richard Dutcher,6.45,2
Randy Barbato,6.45,2
Fenton Bailey,6.45,2
Adam Brooks,6.449999999999999,2
Adam Wingard,6.449999999999999,2
Vincenzo Natali,6.449999999999999,2
Scott Kalvert,6.449999999999999,2
Anthony Stacchi,6.449999999999999,2
Ivan Reitman,6.445454545454546,11
George Clooney,6.442857142857143,7
David Ayer,6.4375,8
Luc Besson,6.433333333333334,9
Jon Turteltaub,6.433333333333334,6
Mark L. Lester,6.433333333333334,3
Wes Ball,6.433333333333334,3
Joe Dante,6.433333333333334,6
Lorene Scafaria,6.433333333333334,3
Arie Posin,6.433333333333334,3
Jaume Collet-Serra,6.43,10
Rick Famuyiwa,6.425,4
Jon Avnet,6.425,4
Rawson Marshall Thurber,6.42,5
David Koepp,6.42,5
Andrew Erwin,6.42,5
Stephanie Laing,6.4,2
Thurop Van Orman,6.4,2
Stevie Binns,6.4,2
Scott Waugh,6.4,2
Kevin Spacey,6.4,2
Tommy Wirkola,6.4,2
Rupert Wyatt,6.4,4
Robert Harmon,6.4,2
Neill Blomkamp,6.4,4
Nora Ephron,6.4,4
John Stevenson,6.4,2
John Rice,6.4,2
Paul Feig,6.4,5
Richard Shepard,6.4,2
Joel Souza,6.4,2
Nicole Barber-Lane,6.4,2
William Phillips,6.4,2
Joe Cornish,6.4,2
Scott Walker,6.4,2
Sean S. Cunningham,6.4,2
Dany Boon,6.4,2
Jonas √É¬Ökerlund,6.4,2
Emma Chadbourne,6.4,2
Mark Griffiths,6.4,2
Vicky Jenson,6.3999999999999995,3
Adam Rifkin,6.3999999999999995,3
George P. Cosmatos,6.3999999999999995,3
Nicholas Stoller,6.3999999999999995,6
Nimr√É¬≥d Antal,6.3999999999999995,3
Matthew Hastings,6.3999999999999995,2
Kevin Lima,6.3999999999999995,3
Jonathan Frakes,6.3999999999999995,3
Kyle Balda,6.375,4
Burr Steers,6.375,4
Joel Schumacher,6.373333333333333,15
Bobby Farrelly,6.37,10
Douglas McGrath,6.366666666666667,3
Scott Derrickson,6.366666666666667,6
Craig Mazin,6.366666666666667,3
Colin Trevorrow,6.366666666666667,3
Tobe Hooper,6.359999999999999,5
Chris Weitz,6.3500000000000005,6
John Singleton,6.3500000000000005,6
Michael Corrente,6.35,2
Steven Zaillian,6.35,2
Nima Nourizadeh,6.35,2
Simon J. Smith,6.35,2
Susanna White,6.35,2
Nanette Burstein,6.35,2
E. Elias Merhige,6.35,2
Julius Avery,6.35,2
Ben Wheatley,6.35,2
Jean-Marie Poir√É¬©,6.35,2
Sergei Bodrov,6.35,2
Andrew Fleming,6.35,2
Ben Stiller,6.34,5
Michael Thurmeier,6.333333333333333,3
Victor Salva,6.333333333333333,3
Jim Mickle,6.333333333333333,3
Timur Bekmambetov,6.333333333333333,3
Roger Spottiswoode,6.333333333333333,6
M. Night Shyamalan,6.327272727272727,11
Robert Rodriguez,6.325,16
Barry Sonnenfeld,6.325,8
Jake Kasdan,6.314285714285715,7
George Hickenlooper,6.300000000000001,2
Edward Burns,6.300000000000001,4
David Soren,6.300000000000001,2
Andrew Berends,6.3,2
Lowell Sherman,6.3,2
Don Chaffey,6.3,2
Marianna Palka,6.3,2
Sean Anders,6.3,6
Ulu Grosbard,6.3,2
Michael Davis,6.3,2
Bob Rafelson,6.3,2
Hugh Hudson,6.3,2
Kelly Asbury,6.3,5
Todd Graff,6.3,3
Christopher Cain,6.3,2
Tony Goldwyn,6.3,2
Charles Martin Smith,6.3,4
Frank Miller,6.3,4
Richard Kelly,6.3,3
Jason Howden,6.3,2
Sharon Greytak,6.3,2
Luke Greenfield,6.3,3
Daniel Espinosa,6.3,5
Sean McNamara,6.3,4
Karey Kirkpatrick,6.3,3
Karim A√É¬Ønouz,6.3,2
Tarsem Singh,6.3,3
Peter Cattaneo,6.3,3
Brian Baugh,6.3,2
Andy Tennant,6.3,6
Harold Becker,6.279999999999999,5
Roland Joff√É¬©,6.266666666666667,3
Rob Minkoff,6.266666666666667,6
Stephen Hopkins,6.266666666666667,6
Ric Roman Waugh,6.26,5
Keith Gordon,6.25,2
Michael Landon Jr.,6.25,2
Tim Blake Nelson,6.25,2
Danny Leiner,6.25,2
Tony Richardson,6.25,2
Henry Selick,6.25,2
Robert Lorenz,6.25,2
John Hamburg,6.25,4
Stephen Sommers,6.25,6
Shana Feste,6.25,2
Tom Vaughan,6.25,2
Eric Goldberg,6.25,2
Dean Parisot,6.24,5
Jon Amiel,6.24,5
Kevin Smith,6.238461538461538,13
Walter Hill,6.233333333333333,3
George Gallo,6.233333333333333,3
Mark Waters,6.228571428571429,7
Steve Oedekerk,6.225,4
James Bobin,6.225,4
Patrick Hughes,6.225,4
Stephen Herek,6.222222222222222,9
Tim Story,6.218181818181819,11
Panos Cosmatos,6.2,2
Nicolae Constantin Tanase,6.2,2
Julian Gilbey,6.2,2
Todd Strauss-Schulson,6.2,3
Simon Wells,6.2,3
Richard Raymond,6.2,2
Jared Hess,6.2,4
Mick Jackson,6.2,3
Jay Chandrasekhar,6.2,4
Peter Howitt,6.2,4
David F. Sandberg,6.2,4
Derrick Borte,6.2,2
Seyi Babatope,6.2,2
Marcus Nispel,6.2,3
Russell Mulcahy,6.2,3
Marcus Dunstan,6.199999999999999,2
David Levien,6.199999999999999,2
Rupert Sanders,6.199999999999999,2
Seth MacFarlane,6.199999999999999,2
David L. Hunt,6.199999999999999,2
James Ponsoldt,6.199999999999999,2
Morgan J. Freeman,6.199999999999999,2
Brian Koppelman,6.199999999999999,2
Laurent Tirard,6.199999999999999,2
Roland Emmerich,6.1909090909090905,11
Shawn Levy,6.1899999999999995,10
Jonathan Levine,6.183333333333334,6
Peyton Reed,6.18,5
Ken Kwapis,6.18,5
John Frankenheimer,6.18,5
Peter Segal,6.18,10
Garry Marshall,6.175,8
Stephan Elliott,6.175,4
Gary Winick,6.166666666666667,6
Jesse Peretz,6.166666666666667,3
Mark Duplass,6.166666666666667,3
Michael Ritchie,6.166666666666667,3
Jay Duplass,6.166666666666667,3
Joe Johnston,6.1625,8
Alexandre Aja,6.16,5
Michael Winterbottom,6.1571428571428575,7
Martin Brest,6.15,4
Seth Gordon,6.15,4
David Worth,6.15,2
Paul Gross,6.15,2
Sam Levinson,6.15,4
Thor Freudenthal,6.15,4
Greg McLean,6.15,2
Jorma Taccone,6.15,2
Niels Arden Oplev,6.15,4
Ry Russo-Young,6.15,2
Olivier Megaton,6.15,4
Vincent Gallo,6.15,2
Joachim R√É¬∏nning,6.15,2
Darren Lynn Bousman,6.1499999999999995,6
Breck Eisner,6.133333333333333,3
Ti West,6.133333333333333,3
Amy Heckerling,6.125,4
Lawrence Kasdan,6.125,4
Wes Craven,6.122222222222223,9
Daniel Stamm,6.1000000000000005,3
Scott Stewart,6.1000000000000005,3
Mike Figgis,6.1000000000000005,3
Anne Fletcher,6.1000000000000005,7
Miguel Arteta,6.1000000000000005,6
Peter Ho-Sun Chan,6.1,5
Patrick Stettner,6.1,2
George Armitage,6.1,2
Gary Nelson,6.1,2
Patrick Brice,6.1,2
Adam Nee,6.1,2
Michael Dougherty,6.1,2
Ken Marino,6.1,2
Josh Gordon,6.1,4
Will Speck,6.1,4
Simon McQuoid,6.1,2
Raman Hui,6.1,2
Dean Israelite,6.1,2
Robert Lee King,6.1,2
Aaron Nee,6.1,2
John Turturro,6.1,2
Wayne Wang,6.08,5
Brandon Camp,6.066666666666666,3
James Foley,6.066666666666666,6
David G. Evans,6.066666666666666,3
Paul Weitz,6.0625,8
Sanaa Hamri,6.050000000000001,2
Joshua Michael Stern,6.05,2
Harry Elfont,6.05,2
Kurt Voss,6.05,2
Terence Young,6.05,4
Kurt Hale,6.05,2
Sheldon Lettich,6.05,2
Robert Luketic,6.05,6
Christopher Landon,6.05,4
Mark Steven Johnson,6.05,2
Matty Rich,6.05,2
Deborah Kaplan,6.05,2
G√É¬©rard Krawczyk,6.05,2
Thomas Bezucha,6.05,2
John Stockwell,6.033333333333334,6
James DeMonaco,6.033333333333334,3
Jesse Dylan,6.033333333333334,3
Lee Tamahori,6.025,4
Rob Letterman,6.0200000000000005,5
Tyler Gillett,6.02,5
Matt Bettinelli-Olpin,6.02,5
David Lowery,6.014285714285714,7
David Wain,6.0,3
Ward Roberts,6.0,2
Rich Christiano,6.0,2
Michael Tollin,6.0,2
Daniel Lee,6.0,2
Zach Cregger,6.0,2
Kevin Bray,6.0,2
Paul Hoen,6.0,2
Callie Khouri,6.0,2
David Bowers,6.0,5
David Gordon Green,6.0,11
Xavier Gens,6.0,2
Tommy O Haver,6.0,2
Mike Nawrocki,6.0,2
Ari Sandel,6.0,4
Michael Gornick,6.0,2
Paul Schrader,5.966666666666667,9
Howard Deutch,5.966666666666666,3
William Eubank,5.966666666666666,3
Catherine Hardwicke,5.9625,8
Neil Marshall,5.96,5
Elizabeth Allen Rosenbaum,5.95,2
J Blakeson,5.95,2
Daniel Barnz,5.95,2
Simon Wincer,5.95,4
Chuck Russell,5.95,6
Angelina Jolie,5.95,2
D.J. Caruso,5.95,8
Michael Caton-Jones,5.95,4
Luis Mandoki,5.95,2
Mike Mitchell,5.942857142857143,7
Robert Schwentke,5.9399999999999995,5
Adam Robitel,5.933333333333334,3
Kasi Lemmons,5.933333333333334,3
McG,5.933333333333334,6
Donald Petrie,5.933333333333334,6
Hugh Wilson,5.925000000000001,4
Adam Shankman,5.922222222222222,9
David Slade,5.9,4
Stephen Milburn Anderson,5.9,2
Jon Lucas,5.9,4
Scott Moore,5.9,4
Kunihiko Yuyama,5.9,2
Griffin Dunne,5.9,2
John A. Davis,5.9,2
Eli Roth,5.8875,8
Frank Coraci,5.875,8
Mary Lambert,5.866666666666667,3
Albert Magnoli,5.866666666666667,3
Ken Scott,5.85,2
Kirk DeMicco,5.85,2
Jeff Lowell,5.85,2
Steven Quale,5.85,2
Reginald Hudlin,5.85,4
Paul W.S. Anderson,5.85,10
Clare Kilner,5.85,2
Jeff Wadlow,5.84,5
Jon Gunn,5.833333333333333,3
Marc Lawrence,5.833333333333333,3
Simon West,5.822222222222222,9
Steve Miner,5.82,5
Dave Green,5.800000000000001,2
Renny Harlin,5.800000000000001,13
Benny Boom,5.800000000000001,2
Jon Cassar,5.800000000000001,2
Gregor Jordan,5.800000000000001,2
Sam Miller,5.8,3
Kurt Wimmer,5.8,2
Jan de Bont,5.8,4
Cheryl Dunye,5.8,2
Dominic Sena,5.8,3
Rodrigo Cort√É¬©s,5.8,4
John Bruno,5.8,2
Corey Yuen,5.8,2
Chris Rock,5.8,3
Christian Duguay,5.8,3
Cal Brunker,5.8,3
Jeffrey Nachmanoff,5.775,4
Dennis Dugan,5.7727272727272725,11
Kevin Rodney Sullivan,5.766666666666667,3
Stephen Gaghan,5.766666666666667,3
Jimmy Hayward,5.766666666666667,3
Robert Mandel,5.75,2
Joe Nussbaum,5.75,2
Joseph Ruben,5.75,2
Brian Taylor,5.75,4
J. Lee Thompson,5.75,2
Patrick Read Johnson,5.75,2
Michael Polish,5.74,5
John Boorman,5.733333333333333,3
Lloyd Kaufman,5.733333333333333,3
Henry Joost,5.725,4
James Wong,5.725,4
Ariel Schulman,5.725,4
Sai Varadan,5.7,2
Jon Knautz,5.7,2
Peter Chelsom,5.7,5
Jamaa Fanaka,5.7,2
Joseph Zito,5.7,2
Bob Odenkirk,5.7,3
J.B. Rogers,5.7,2
Norton Virgien,5.7,2
Salim Akil,5.7,2
Mike Gan,5.7,2
Rob Bowman,5.7,3
Charles Stone III,5.7,4
Frederik Du Chau,5.7,2
John Pasquin,5.7,3
Steve Pink,5.7,2
Jeff Franklin,5.7,2
Michael Rymer,5.7,2
Charles Herman-Wurmfeld,5.699999999999999,2
Rob Zombie,5.68,5
Ron Shelton,5.66,5
Walt Becker,5.66,5
Peter Spierig,5.66,5
Michael Spierig,5.66,5
Danny Cannon,5.65,4
Josh Trank,5.65,2
Julie Anne Robinson,5.65,2
Mathieu Kassovitz,5.65,2
Mark Rosman,5.65,2
Sam Taylor-Johnson,5.65,2
Andy Fickman,5.640000000000001,5
John Moore,5.64,5
David Zucker,5.6375,8
Kevin Greutert,5.633333333333333,3
Michael Lembeck,5.633333333333333,3
Andrey Konchalovskiy,5.633333333333333,3
Michael Lehmann,5.633333333333333,3
Kevin Allen,5.633333333333333,3
Malcolm D. Lee,5.63,10
Tim Hill,5.616666666666667,6
Neil LaBute,5.6000000000000005,3
John Herzfeld,5.6000000000000005,3
Takashi Shimizu,5.6000000000000005,3
Kevin Munroe,5.6000000000000005,3
Kenny Ortega,5.6,4
David E. Talbert,5.6,2
Patrice Leconte,5.6,2
Michael Herz,5.6,2
Brian Robbins,5.583333333333333,6
Rob Cohen,5.58,10
Jon M. Chu,5.575,8
Ronny Yu,5.575,4
Ron Underwood,5.566666666666666,3
Ben Stassen,5.566666666666666,3
Mimi Maynard,5.566666666666666,3
Michael Chaves,5.566666666666666,3
Joe Roth,5.550000000000001,2
Darren Stein,5.55,2
Ciar√É¬°n Foy,5.55,2
Forest Whitaker,5.55,2
Jim Gillespie,5.55,2
Mark Neveldine,5.54,5
Peter Hyams,5.533333333333334,6
Les Mayfield,5.525,4
Jonathan Liebesman,5.525,4
Keenen Ivory Wayans,5.5200000000000005,5
Stephen Kay,5.5,2
John Luessenhop,5.5,2
Chris Kentis,5.5,2
Dan Reed,5.5,2
Tom Dey,5.5,4
Michael Meredith,5.5,2
Ken Roht,5.5,2
Melvin Van Peebles,5.5,2
Nick Hamm,5.5,2
Brad Peyton,5.5,5
John Schultz,5.5,3
John Polson,5.5,2
Sam Weisman,5.466666666666666,3
David R. Ellis,5.46,5
Dennie Gordon,5.45,4
David Leland,5.45,2
David Raynr,5.45,2
Brett Leonard,5.45,2
Bart Freundlich,5.45,2
Babak Najafi,5.45,2
Joel Zwick,5.449999999999999,2
Harald Zwart,5.449999999999999,2
Marcus Raboy,5.449999999999999,2
Jon Wright,5.449999999999999,2
Ernie Barbarash,5.4,2
Peter Hewitt,5.4,4
Camille Delamarre,5.4,2
Michael Anderson,5.4,2
Harmony Korine,5.4,2
William Dear,5.4,2
Mark Williams,5.4,2
Karyn Kusama,5.4,2
Morgan Spurlock,5.4,2
Doug McHenry,5.4,2
Bob Clark,5.383333333333333,6
Steven Brill,5.38,5
Patrick Lussier,5.3500000000000005,4
Elizabeth Banks,5.35,2
Fedor Bondarchuk,5.35,2
Fred Wolf,5.35,2
Chris Koch,5.35,2
Youssef Delara,5.333333333333333,3
David M. Rosenthal,5.3,2
Danny Pang,5.3,2
Andrzej Bartkowiak,5.3,4
Jenny Gage,5.3,2
Nathan Smith Jones,5.3,2
Oxide Chun Pang,5.3,2
Steve Carr,5.3,7
Thomas L. Phillips,5.3,2
Greg Tiernan,5.3,2
John Guillermin,5.266666666666667,3
Johannes Roberts,5.26,5
Ben Falcone,5.25,2
Dwight H. Little,5.25,2
David S. Goyer,5.25,2
Luis Llosa,5.25,2
Roger Kumble,5.25,4
Jamie Blanks,5.25,2
Oren Peli,5.25,2
Arthur Hiller,5.25,2
Steve Rash,5.25,2
Katt Shea,5.25,2
Ruba Nadda,5.2,2
Floria Sigismondi,5.2,2
Bob Saget,5.2,2
Will Finn,5.2,2
Rick Rosenthal,5.2,2
Deborah Anderson,5.2,2
Eric Brevig,5.199999999999999,2
Bille Woodruff,5.166666666666667,3
RZA,5.15,2
Bruce McCulloch,5.15,2
Deon Taylor,5.133333333333334,6
James Toback,5.1000000000000005,3
James Kerwin,5.1,2
Dan Aykroyd,5.1,2
David McNally,5.1,2
Chad Burns,5.1,2
Mark Brown,5.05,2
Gregory Plotkin,5.05,2
Richard Benjamin,5.025,4
Rachel Talalay,5.0,2
Ruggero Deodato,5.0,2
Stevan Mena,5.0,2
Raja Gosnell,4.95,8
Etan Cohen,4.95,2
Betty Thomas,4.95,2
Rob Hedden,4.95,2
Brian Levant,4.95,6
John Whitesell,4.9399999999999995,5
Sylvain White,4.933333333333334,3
Tyler Perry,4.906666666666666,15
Andrew Bergman,4.9,2
Harold Cronk,4.8999999999999995,3
Stewart Hendler,4.85,2
Joseph Kahn,4.85,2
Mikael Wulff,4.8,2
Joel Paul Reisig,4.8,2
Dinesh D Souza,4.8,2
Anders Morgenthaler,4.8,2
Dan Ireland,4.8,2
Nelson McCormick,4.75,2
DJ Pooh,4.7,2
Tony Leondis,4.65,2
Fr√É¬©d√É¬©ric Auburtin,4.65,2
William Brent Bell,4.633333333333334,3
Tamra Davis,4.6000000000000005,3
Scott Marshall,4.6,2
Luke Sparke,4.6,2
Bruce Macdonald,4.6,2
Greg Strause,4.55,2
Colin Strause,4.55,2
Douglas Aarniokoski,4.55,2
Jesse O Brien,4.5,2
William Malone,4.466666666666667,3
Troy Miller,4.4,2
Robert Iscove,4.4,3
Michael Tiddes,4.3999999999999995,3
Anne Goursaud,4.3,2
Harry F. Millarde,4.3,2
Stewart Raffill,4.3,2
John R. Leonetti,4.3,2
James Manera,4.3,2
Russell Owen,4.3,2
Steve Boyum,4.15,2
Eric Valette,4.066666666666666,3
Corey Grant,4.05,2
Chris Stokes,4.0,3
Izu Ojukwu,4.0,2
Brian Trenchard-Smith,3.966666666666667,3
Ray Griggs,3.85,2
James O Brien,3.8,2
Allan Silliphant,3.7,2
Lawrence Guterman,3.65,2
Patrick Ryan Sims,3.6,2
Hyung-rae Shim,3.5,2
Kevin Carraway,3.4,2
Don Michael Paul,3.4,2
Vic Armstrong,3.1,2
Rhys Frake-Waterfield,3.0,2
Rick de Oliveira,2.9,2
Uwe Boll,2.825,4
David DeCoteau,2.7,2
Aaron Seltzer,2.6599999999999997,5
Jason Friedberg,2.6599999999999997,5
Stephen Langford,2.4,2
Armando de Boer,2.2,2
